Id de pago;fecha;Responsable de pago;Valor;Medio de pago
107433442800;5/1/2024;SN-4001;15000;efectivo
117433442919;6/2/2024;SN-4001;15000;efectivo
127433444038;3/3/2024;SN-4001;15000;efectivo
129433445157;9/4/2024;SN-4001;15000;efectivo
129533445276;4/5/2024;SN-4001;15000;efectivo
139533445395;3/6/2024;SN-4001;15000;efectivo
149533446514;1/7/2024;SN-4001;20000;efectivo
149533446634;2/8/2024;SN-4001;20000;efectivo
149533446754;13/9/2024;SN-4001;22000;efectivo
169533546873;15/10/2024;SN-4001;22000;efectivo
189533546992;22/11/2024;SN-4001;22000;efectivo
199533547072;13/12/2024;SN-4001;22000;efectivo
107433442873;5/1/2024;SN-4002;15000;efectivo
117433442992;6/2/2024;SN-4002;15000;efectivo
127433444111;3/3/2024;SN-4002;15000;efectivo
129433445230;9/4/2024;SN-4002;15000;efectivo
129533445349;4/5/2024;SN-4002;15000;efectivo
139533445468;3/6/2024;SN-4002;15000;efectivo
149533446587;1/7/2024;SN-4002;20000;efectivo
149533446707;2/8/2024;SN-4002;20000;efectivo
149533446827;3/9/2024;SN-4002;20000;efectivo
169533546946;5/10/2024;SN-4002;20000;efectivo
189533547065;2/11/2024;SN-4002;20000;efectivo
199533547145;3/12/2024;SN-4002;20000;efectivo
107433442885;5/1/2024;SN-4003;15000;efectivo
117433443004;6/2/2024;SN-4003;15000;efectivo
127433444123;3/3/2024;SN-4003;15000;efectivo
129433445242;9/4/2024;SN-4003;15000;efectivo
129533445361;4/5/2024;SN-4003;15000;efectivo
139533445480;3/6/2024;SN-4003;15000;efectivo
149533446599;1/7/2024;SN-4003;20000;efectivo
149533446719;2/8/2024;SN-4003;20000;efectivo
149533446839;3/9/2024;SN-4003;20000;efectivo
169533546958;5/10/2024;SN-4003;20000;efectivo
189533547077;2/11/2024;SN-4003;20000;efectivo
199533547157;3/12/2024;SN-4003;20000;efectivo
107433442796;5/1/2024;SN-4004;15000;efectivo
117433442915;6/2/2024;SN-4004;15000;efectivo
127433444034;3/3/2024;SN-4004;15000;efectivo
129433445153;9/4/2024;SN-4004;15000;efectivo
129533445272;4/5/2024;SN-4004;15000;efectivo
139533445391;3/6/2024;SN-4004;15000;efectivo
149533446510;1/7/2024;SN-4004;20000;efectivo
149533446630;2/8/2024;SN-4004;20000;efectivo
149533446750;3/9/2024;SN-4004;20000;efectivo
169533546869;5/10/2024;SN-4004;20000;efectivo
189533546988;2/11/2024;SN-4004;20000;efectivo
199533547068;3/12/2024;SN-4004;20000;efectivo
107433442861;5/1/2024;SN-4005;15000;efectivo
117433442980;6/2/2024;SN-4005;15000;efectivo
127433444099;3/3/2024;SN-4005;15000;efectivo
129433445218;9/4/2024;SN-4005;15000;efectivo
129533445337;4/5/2024;SN-4005;15000;efectivo
139533445456;3/6/2024;SN-4005;15000;efectivo
149533446575;1/7/2024;SN-4005;20000;efectivo
149533446695;2/8/2024;SN-4005;20000;efectivo
149533446815;3/9/2024;SN-4005;20000;efectivo
169533546934;5/10/2024;SN-4005;20000;efectivo
189533547053;2/11/2024;SN-4005;20000;efectivo
199533547133;3/12/2024;SN-4005;20000;efectivo
107433442819;5/1/2024;SN-4006;15000;efectivo
117433442938;6/2/2024;SN-4006;15000;efectivo
127433444057;3/3/2024;SN-4006;15000;efectivo
129433445176;9/4/2024;SN-4006;15000;efectivo
129533445295;4/5/2024;SN-4006;15000;efectivo
139533445414;3/6/2024;SN-4006;15000;efectivo
149533446533;1/7/2024;SN-4006;20000;efectivo
149533446653;2/8/2024;SN-4006;20000;efectivo
149533446773;13/9/2024;SN-4006;22000;efectivo
169533546892;15/10/2024;SN-4006;22000;efectivo
189533547011;22/11/2024;SN-4006;22000;efectivo
199533547091;13/12/2024;SN-4006;22000;efectivo
107433442814;5/1/2024;SN-4007;15000;efectivo
117433442933;6/2/2024;SN-4007;15000;efectivo
127433444052;3/3/2024;SN-4007;15000;efectivo
129433445171;9/4/2024;SN-4007;15000;efectivo
129533445290;4/5/2024;SN-4007;15000;efectivo
139533445409;3/6/2024;SN-4007;15000;efectivo
149533446528;1/7/2024;SN-4007;20000;efectivo
149533446648;2/8/2024;SN-4007;20000;efectivo
149533446768;3/9/2024;SN-4007;20000;efectivo
169533546887;5/10/2024;SN-4007;20000;efectivo
189533547006;2/11/2024;SN-4007;20000;efectivo
199533547086;3/12/2024;SN-4007;20000;efectivo
107433442866;5/1/2024;SN-4008;15000;efectivo
117433442985;6/2/2024;SN-4008;15000;efectivo
127433444104;3/3/2024;SN-4008;15000;efectivo
129433445223;9/4/2024;SN-4008;15000;efectivo
129533445342;4/5/2024;SN-4008;15000;efectivo
139533445461;3/6/2024;SN-4008;15000;efectivo
149533446580;1/7/2024;SN-4008;20000;efectivo
149533446700;2/8/2024;SN-4008;20000;efectivo
149533446820;3/9/2024;SN-4008;20000;efectivo
169533546939;5/10/2024;SN-4008;20000;efectivo
189533547058;2/11/2024;SN-4008;20000;efectivo
199533547138;3/12/2024;SN-4008;20000;efectivo
107433442864;5/1/2024;SN-4009;15000;efectivo
117433442983;6/2/2024;SN-4009;15000;efectivo
127433444102;3/3/2024;SN-4009;15000;efectivo
129433445221;9/4/2024;SN-4009;15000;efectivo
129533445340;4/5/2024;SN-4009;15000;efectivo
139533445459;3/6/2024;SN-4009;15000;efectivo
149533446578;1/7/2024;SN-4009;20000;efectivo
149533446698;2/8/2024;SN-4009;20000;efectivo
149533446818;3/9/2024;SN-4009;20000;efectivo
169533546937;5/10/2024;SN-4009;20000;efectivo
189533547056;2/11/2024;SN-4009;20000;efectivo
199533547136;3/12/2024;SN-4009;20000;efectivo
107433442823;5/1/2024;SN-4010;15000;efectivo
117433442942;6/2/2024;SN-4010;15000;efectivo
127433444061;3/3/2024;SN-4010;15000;efectivo
129433445180;9/4/2024;SN-4010;15000;efectivo
129533445299;4/5/2024;SN-4010;15000;efectivo
139533445418;3/6/2024;SN-4010;15000;efectivo
149533446537;1/7/2024;SN-4010;20000;efectivo
149533446657;2/8/2024;SN-4010;20000;efectivo
149533446777;3/9/2024;SN-4010;20000;efectivo
169533546896;5/10/2024;SN-4010;20000;efectivo
189533547015;2/11/2024;SN-4010;20000;efectivo
199533547095;3/12/2024;SN-4010;20000;efectivo
107433442820;5/1/2024;SN-4011;15000;efectivo
117433442939;6/2/2024;SN-4011;15000;efectivo
127433444058;3/3/2024;SN-4011;15000;efectivo
129433445177;9/4/2024;SN-4011;15000;efectivo
129533445296;4/5/2024;SN-4011;15000;efectivo
139533445415;3/6/2024;SN-4011;15000;efectivo
149533446534;1/7/2024;SN-4011;20000;efectivo
149533446654;2/8/2024;SN-4011;20000;efectivo
149533446774;3/9/2024;SN-4011;20000;efectivo
169533546893;5/10/2024;SN-4011;20000;efectivo
189533547012;2/11/2024;SN-4011;20000;efectivo
199533547092;3/12/2024;SN-4011;20000;efectivo
107433442810;5/1/2024;SN-4012;15000;efectivo
117433442929;6/2/2024;SN-4012;15000;efectivo
127433444048;3/3/2024;SN-4012;15000;efectivo
129433445167;9/4/2024;SN-4012;15000;efectivo
129533445286;4/5/2024;SN-4012;15000;efectivo
139533445405;3/6/2024;SN-4012;15000;efectivo
149533446524;1/7/2024;SN-4012;20000;efectivo
149533446644;2/8/2024;SN-4012;20000;efectivo
149533446764;3/9/2024;SN-4012;20000;efectivo
169533546883;5/10/2024;SN-4012;20000;efectivo
189533547002;2/11/2024;SN-4012;20000;efectivo
199533547082;3/12/2024;SN-4012;20000;efectivo
107433442874;5/1/2024;SN-4013;15000;efectivo
117433442993;6/2/2024;SN-4013;15000;efectivo
127433444112;3/3/2024;SN-4013;15000;efectivo
129433445231;9/4/2024;SN-4013;15000;efectivo
129533445350;4/5/2024;SN-4013;15000;efectivo
139533445469;3/6/2024;SN-4013;15000;efectivo
149533446588;1/7/2024;SN-4013;20000;efectivo
149533446708;2/8/2024;SN-4013;20000;efectivo
149533446828;3/9/2024;SN-4013;20000;efectivo
169533546947;5/10/2024;SN-4013;20000;efectivo
189533547066;2/11/2024;SN-4013;20000;efectivo
199533547146;3/12/2024;SN-4013;20000;efectivo
107433442867;5/1/2024;SN-4014;15000;efectivo
117433442986;6/2/2024;SN-4014;15000;efectivo
127433444105;3/3/2024;SN-4014;15000;efectivo
129433445224;9/4/2024;SN-4014;15000;efectivo
129533445343;4/5/2024;SN-4014;15000;efectivo
139533445462;3/6/2024;SN-4014;15000;efectivo
149533446581;1/7/2024;SN-4014;20000;efectivo
149533446701;2/8/2024;SN-4014;20000;efectivo
149533446821;3/9/2024;SN-4014;20000;efectivo
169533546940;5/10/2024;SN-4014;20000;efectivo
189533547059;2/11/2024;SN-4014;20000;efectivo
199533547139;3/12/2024;SN-4014;20000;efectivo
107433442852;5/1/2024;SN-4015;15000;efectivo
117433442971;6/2/2024;SN-4015;15000;efectivo
127433444090;3/3/2024;SN-4015;15000;efectivo
129433445209;9/4/2024;SN-4015;15000;efectivo
129533445328;4/5/2024;SN-4015;15000;efectivo
139533445447;3/6/2024;SN-4015;15000;efectivo
149533446566;1/7/2024;SN-4015;20000;efectivo
149533446686;2/8/2024;SN-4015;20000;efectivo
149533446806;13/9/2024;SN-4015;22000;efectivo
169533546925;15/10/2024;SN-4015;22000;efectivo
189533547044;22/11/2024;SN-4015;22000;efectivo
199533547124;13/12/2024;SN-4015;22000;efectivo
107433442889;5/1/2024;SN-4016;15000;efectivo
117433443008;6/2/2024;SN-4016;15000;efectivo
127433444127;3/3/2024;SN-4016;15000;efectivo
129433445246;9/4/2024;SN-4016;15000;efectivo
129533445365;4/5/2024;SN-4016;15000;efectivo
139533445484;3/6/2024;SN-4016;15000;efectivo
149533446603;1/7/2024;SN-4016;20000;efectivo
149533446723;2/8/2024;SN-4016;20000;efectivo
149533446843;3/9/2024;SN-4016;20000;efectivo
169533546962;5/10/2024;SN-4016;20000;efectivo
189533547081;2/11/2024;SN-4016;20000;efectivo
199533547161;3/12/2024;SN-4016;20000;efectivo
107433442902;5/1/2024;SN-4017;15000;efectivo
117433443021;6/2/2024;SN-4017;15000;efectivo
127433444140;3/3/2024;SN-4017;15000;efectivo
129433445259;9/4/2024;SN-4017;15000;efectivo
129533445378;4/5/2024;SN-4017;15000;efectivo
139533445497;3/6/2024;SN-4017;15000;efectivo
149533446616;1/7/2024;SN-4017;20000;efectivo
149533446736;2/8/2024;SN-4017;20000;efectivo
149533446856;3/9/2024;SN-4017;20000;efectivo
169533546975;5/10/2024;SN-4017;20000;efectivo
189533547094;2/11/2024;SN-4017;20000;efectivo
199533547174;3/12/2024;SN-4017;20000;efectivo
107433442842;5/1/2024;SN-4018;15000;efectivo
117433442961;6/2/2024;SN-4018;15000;efectivo
127433444080;3/3/2024;SN-4018;15000;efectivo
129433445199;9/4/2024;SN-4018;15000;efectivo
129533445318;4/5/2024;SN-4018;15000;efectivo
139533445437;3/6/2024;SN-4018;15000;efectivo
149533446556;1/7/2024;SN-4018;20000;efectivo
149533446676;2/8/2024;SN-4018;20000;efectivo
149533446796;13/9/2024;SN-4018;22000;efectivo
169533546915;15/10/2024;SN-4018;22000;efectivo
189533547034;22/11/2024;SN-4018;22000;efectivo
199533547114;13/12/2024;SN-4018;22000;efectivo
107433442875;5/1/2024;SN-4019;15000;efectivo
117433442994;6/2/2024;SN-4019;15000;efectivo
127433444113;3/3/2024;SN-4019;15000;efectivo
129433445232;9/4/2024;SN-4019;15000;efectivo
129533445351;4/5/2024;SN-4019;15000;efectivo
139533445470;3/6/2024;SN-4019;15000;efectivo
149533446589;1/7/2024;SN-4019;20000;efectivo
149533446709;2/8/2024;SN-4019;20000;efectivo
149533446829;3/9/2024;SN-4019;20000;efectivo
169533546948;5/10/2024;SN-4019;20000;efectivo
189533547067;2/11/2024;SN-4019;20000;efectivo
199533547147;3/12/2024;SN-4019;20000;efectivo
107433442804;5/1/2024;SN-4020;15000;efectivo
117433442923;6/2/2024;SN-4020;15000;efectivo
127433444042;3/3/2024;SN-4020;15000;efectivo
129433445161;9/4/2024;SN-4020;15000;efectivo
129533445280;4/5/2024;SN-4020;15000;efectivo
139533445399;3/6/2024;SN-4020;15000;efectivo
149533446518;1/7/2024;SN-4020;20000;efectivo
149533446638;2/8/2024;SN-4020;20000;efectivo
149533446758;3/9/2024;SN-4020;20000;efectivo
169533546877;5/10/2024;SN-4020;20000;efectivo
189533546996;2/11/2024;SN-4020;20000;efectivo
199533547076;3/12/2024;SN-4020;20000;efectivo
107433442811;5/1/2024;SN-4021;15000;efectivo
117433442930;6/2/2024;SN-4021;15000;efectivo
127433444049;3/3/2024;SN-4021;15000;efectivo
129433445168;9/4/2024;SN-4021;15000;efectivo
129533445287;4/5/2024;SN-4021;15000;efectivo
139533445406;3/6/2024;SN-4021;15000;efectivo
149533446525;1/7/2024;SN-4021;20000;efectivo
149533446645;2/8/2024;SN-4021;20000;efectivo
149533446765;3/9/2024;SN-4021;20000;efectivo
169533546884;5/10/2024;SN-4021;20000;efectivo
189533547003;2/11/2024;SN-4021;20000;efectivo
199533547083;3/12/2024;SN-4021;20000;efectivo
107433442825;5/1/2024;SN-4022;15000;efectivo
117433442944;6/2/2024;SN-4022;15000;efectivo
127433444063;3/3/2024;SN-4022;15000;efectivo
129433445182;9/4/2024;SN-4022;15000;efectivo
129533445301;4/5/2024;SN-4022;15000;efectivo
139533445420;3/6/2024;SN-4022;15000;efectivo
149533446539;1/7/2024;SN-4022;20000;efectivo
149533446659;2/8/2024;SN-4022;20000;efectivo
149533446779;13/9/2024;SN-4022;22000;efectivo
169533546898;15/10/2024;SN-4022;22000;efectivo
189533547017;22/11/2024;SN-4022;22000;efectivo
199533547097;13/12/2024;SN-4022;22000;efectivo
107433442843;5/1/2024;SN-4023;15000;efectivo
117433442962;6/2/2024;SN-4023;15000;efectivo
127433444081;3/3/2024;SN-4023;15000;efectivo
129433445200;9/4/2024;SN-4023;15000;efectivo
129533445319;4/5/2024;SN-4023;15000;efectivo
139533445438;3/6/2024;SN-4023;15000;efectivo
149533446557;1/7/2024;SN-4023;20000;efectivo
149533446677;2/8/2024;SN-4023;20000;efectivo
149533446797;3/9/2024;SN-4023;20000;efectivo
169533546916;5/10/2024;SN-4023;20000;efectivo
189533547035;2/11/2024;SN-4023;20000;efectivo
199533547115;3/12/2024;SN-4023;20000;efectivo
107433442899;5/1/2024;SN-4024;15000;efectivo
117433443018;6/2/2024;SN-4024;15000;efectivo
127433444137;3/3/2024;SN-4024;15000;efectivo
129433445256;9/4/2024;SN-4024;15000;efectivo
129533445375;4/5/2024;SN-4024;15000;efectivo
139533445494;3/6/2024;SN-4024;15000;efectivo
149533446613;1/7/2024;SN-4024;20000;efectivo
149533446733;2/8/2024;SN-4024;20000;efectivo
149533446853;3/9/2024;SN-4024;20000;efectivo
169533546972;5/10/2024;SN-4024;20000;efectivo
189533547091;2/11/2024;SN-4024;20000;efectivo
199533547171;3/12/2024;SN-4024;20000;efectivo
107433442827;5/1/2024;SN-4025;15000;efectivo
117433442946;6/2/2024;SN-4025;15000;efectivo
127433444065;3/3/2024;SN-4025;15000;efectivo
129433445184;9/4/2024;SN-4025;15000;efectivo
129533445303;4/5/2024;SN-4025;15000;efectivo
139533445422;3/6/2024;SN-4025;15000;efectivo
149533446541;1/7/2024;SN-4025;20000;efectivo
149533446661;2/8/2024;SN-4025;20000;efectivo
149533446781;3/9/2024;SN-4025;20000;efectivo
169533546900;5/10/2024;SN-4025;20000;efectivo
189533547019;2/11/2024;SN-4025;20000;efectivo
199533547099;3/12/2024;SN-4025;20000;efectivo
107433442833;5/1/2024;SN-4026;15000;efectivo
117433442952;6/2/2024;SN-4026;15000;efectivo
127433444071;3/3/2024;SN-4026;15000;efectivo
129433445190;9/4/2024;SN-4026;15000;efectivo
129533445309;4/5/2024;SN-4026;15000;efectivo
139533445428;3/6/2024;SN-4026;15000;efectivo
149533446547;1/7/2024;SN-4026;20000;efectivo
149533446667;2/8/2024;SN-4026;20000;efectivo
149533446787;13/9/2024;SN-4026;22000;efectivo
169533546906;15/10/2024;SN-4026;22000;efectivo
189533547025;22/11/2024;SN-4026;22000;efectivo
199533547105;13/12/2024;SN-4026;22000;efectivo
107433442900;5/1/2024;SN-4027;15000;efectivo
117433443019;6/2/2024;SN-4027;15000;efectivo
127433444138;3/3/2024;SN-4027;15000;efectivo
129433445257;9/4/2024;SN-4027;15000;efectivo
129533445376;4/5/2024;SN-4027;15000;efectivo
139533445495;3/6/2024;SN-4027;15000;efectivo
149533446614;1/7/2024;SN-4027;20000;efectivo
149533446734;2/8/2024;SN-4027;20000;efectivo
149533446854;3/9/2024;SN-4027;20000;efectivo
169533546973;5/10/2024;SN-4027;20000;efectivo
189533547092;2/11/2024;SN-4027;20000;efectivo
199533547172;3/12/2024;SN-4027;20000;efectivo
107433442786;5/1/2024;SN-4028;15000;efectivo
117433442905;6/2/2024;SN-4028;15000;efectivo
127433444024;3/3/2024;SN-4028;15000;efectivo
129433445143;9/4/2024;SN-4028;15000;efectivo
129533445262;4/5/2024;SN-4028;15000;efectivo
139533445381;3/6/2024;SN-4028;15000;efectivo
149533446500;1/7/2024;SN-4028;20000;efectivo
149533446620;2/8/2024;SN-4028;20000;efectivo
149533446740;3/9/2024;SN-4028;20000;efectivo
169533546859;5/10/2024;SN-4028;20000;efectivo
189533546978;2/11/2024;SN-4028;20000;efectivo
199533547058;3/12/2024;SN-4028;20000;efectivo
107433442840;5/1/2024;SN-4029;15000;efectivo
117433442959;6/2/2024;SN-4029;15000;efectivo
127433444078;3/3/2024;SN-4029;15000;efectivo
129433445197;9/4/2024;SN-4029;15000;efectivo
129533445316;4/5/2024;SN-4029;15000;efectivo
139533445435;3/6/2024;SN-4029;15000;efectivo
149533446554;1/7/2024;SN-4029;20000;efectivo
149533446674;2/8/2024;SN-4029;20000;efectivo
149533446794;3/9/2024;SN-4029;20000;efectivo
169533546913;5/10/2024;SN-4029;20000;efectivo
189533547032;2/11/2024;SN-4029;20000;efectivo
199533547112;3/12/2024;SN-4029;20000;efectivo
107433442787;5/1/2024;SN-4030;15000;efectivo
117433442906;6/2/2024;SN-4030;15000;efectivo
127433444025;3/3/2024;SN-4030;15000;efectivo
129433445144;9/4/2024;SN-4030;15000;efectivo
129533445263;4/5/2024;SN-4030;15000;efectivo
139533445382;3/6/2024;SN-4030;15000;efectivo
149533446501;1/7/2024;SN-4030;20000;efectivo
149533446621;2/8/2024;SN-4030;20000;efectivo
149533446741;3/9/2024;SN-4030;20000;efectivo
169533546860;5/10/2024;SN-4030;20000;efectivo
189533546979;2/11/2024;SN-4030;20000;efectivo
199533547059;3/12/2024;SN-4030;20000;efectivo
107433442890;5/1/2024;SN-4031;15000;efectivo
117433443009;6/2/2024;SN-4031;15000;efectivo
127433444128;3/3/2024;SN-4031;15000;efectivo
129433445247;9/4/2024;SN-4031;15000;efectivo
129533445366;4/5/2024;SN-4031;15000;efectivo
139533445485;3/6/2024;SN-4031;15000;efectivo
149533446604;1/7/2024;SN-4031;20000;efectivo
149533446724;2/8/2024;SN-4031;20000;efectivo
149533446844;3/9/2024;SN-4031;20000;efectivo
169533546963;5/10/2024;SN-4031;20000;efectivo
189533547082;2/11/2024;SN-4031;20000;efectivo
199533547162;3/12/2024;SN-4031;20000;efectivo
107433442860;5/1/2024;SN-4032;15000;efectivo
117433442979;6/2/2024;SN-4032;15000;efectivo
127433444098;3/3/2024;SN-4032;15000;efectivo
129433445217;9/4/2024;SN-4032;15000;efectivo
129533445336;4/5/2024;SN-4032;15000;efectivo
139533445455;3/6/2024;SN-4032;15000;efectivo
149533446574;1/7/2024;SN-4032;20000;efectivo
149533446694;2/8/2024;SN-4032;20000;efectivo
149533446814;3/9/2024;SN-4032;20000;efectivo
169533546933;5/10/2024;SN-4032;20000;efectivo
189533547052;2/11/2024;SN-4032;20000;efectivo
199533547132;3/12/2024;SN-4032;20000;efectivo
107433442865;5/1/2024;SN-4033;15000;efectivo
117433442984;6/2/2024;SN-4033;15000;efectivo
127433444103;3/3/2024;SN-4033;15000;efectivo
129433445222;9/4/2024;SN-4033;15000;efectivo
129533445341;4/5/2024;SN-4033;15000;efectivo
139533445460;3/6/2024;SN-4033;15000;efectivo
149533446579;1/7/2024;SN-4033;20000;efectivo
149533446699;2/8/2024;SN-4033;20000;efectivo
149533446819;3/9/2024;SN-4033;20000;efectivo
169533546938;5/10/2024;SN-4033;20000;efectivo
189533547057;2/11/2024;SN-4033;20000;efectivo
199533547137;3/12/2024;SN-4033;20000;efectivo
107433442794;5/1/2024;SN-4034;15000;efectivo
117433442913;6/2/2024;SN-4034;15000;efectivo
127433444032;3/3/2024;SN-4034;15000;efectivo
129433445151;9/4/2024;SN-4034;15000;efectivo
129533445270;4/5/2024;SN-4034;15000;efectivo
139533445389;3/6/2024;SN-4034;15000;efectivo
149533446508;1/7/2024;SN-4034;20000;efectivo
149533446628;2/8/2024;SN-4034;20000;efectivo
149533446748;3/9/2024;SN-4034;20000;efectivo
169533546867;5/10/2024;SN-4034;20000;efectivo
189533546986;2/11/2024;SN-4034;20000;efectivo
199533547066;3/12/2024;SN-4034;20000;efectivo
107433442862;5/1/2024;SN-4035;15000;efectivo
117433442981;6/2/2024;SN-4035;15000;efectivo
127433444100;3/3/2024;SN-4035;15000;efectivo
129433445219;9/4/2024;SN-4035;15000;efectivo
129533445338;4/5/2024;SN-4035;15000;efectivo
139533445457;3/6/2024;SN-4035;15000;efectivo
149533446576;1/7/2024;SN-4035;20000;efectivo
149533446696;2/8/2024;SN-4035;20000;efectivo
149533446816;3/9/2024;SN-4035;20000;efectivo
169533546935;5/10/2024;SN-4035;20000;efectivo
189533547054;2/11/2024;SN-4035;20000;efectivo
199533547134;3/12/2024;SN-4035;20000;efectivo
107433442845;5/1/2024;SN-4036;15000;efectivo
117433442964;6/2/2024;SN-4036;15000;efectivo
127433444083;3/3/2024;SN-4036;15000;efectivo
129433445202;9/4/2024;SN-4036;15000;efectivo
129533445321;4/5/2024;SN-4036;15000;efectivo
139533445440;3/6/2024;SN-4036;15000;efectivo
149533446559;1/7/2024;SN-4036;20000;efectivo
149533446679;2/8/2024;SN-4036;20000;efectivo
149533446799;3/9/2024;SN-4036;20000;efectivo
169533546918;5/10/2024;SN-4036;20000;efectivo
189533547037;2/11/2024;SN-4036;20000;efectivo
199533547117;3/12/2024;SN-4036;20000;efectivo
107433442846;5/1/2024;SN-4037;15000;efectivo
117433442965;6/2/2024;SN-4037;15000;efectivo
127433444084;3/3/2024;SN-4037;15000;efectivo
129433445203;9/4/2024;SN-4037;15000;efectivo
129533445322;4/5/2024;SN-4037;15000;efectivo
139533445441;3/6/2024;SN-4037;15000;efectivo
149533446560;1/7/2024;SN-4037;20000;efectivo
149533446680;2/8/2024;SN-4037;20000;efectivo
149533446800;3/9/2024;SN-4037;20000;efectivo
169533546919;5/10/2024;SN-4037;20000;efectivo
189533547038;2/11/2024;SN-4037;20000;efectivo
199533547118;3/12/2024;SN-4037;20000;efectivo
107433442848;5/1/2024;SN-4038;15000;efectivo
117433442967;6/2/2024;SN-4038;15000;efectivo
127433444086;3/3/2024;SN-4038;15000;efectivo
129433445205;9/4/2024;SN-4038;15000;efectivo
129533445324;4/5/2024;SN-4038;15000;efectivo
139533445443;3/6/2024;SN-4038;15000;efectivo
149533446562;1/7/2024;SN-4038;20000;efectivo
149533446682;2/8/2024;SN-4038;20000;efectivo
149533446802;13/9/2024;SN-4038;22000;efectivo
169533546921;15/10/2024;SN-4038;22000;efectivo
189533547040;22/11/2024;SN-4038;22000;efectivo
199533547120;13/12/2024;SN-4038;22000;efectivo
107433442839;5/1/2024;SN-4039;15000;efectivo
117433442958;6/2/2024;SN-4039;15000;efectivo
127433444077;3/3/2024;SN-4039;15000;efectivo
129433445196;9/4/2024;SN-4039;15000;efectivo
129533445315;4/5/2024;SN-4039;15000;efectivo
139533445434;3/6/2024;SN-4039;15000;efectivo
149533446553;1/7/2024;SN-4039;20000;efectivo
149533446673;2/8/2024;SN-4039;20000;efectivo
149533446793;3/9/2024;SN-4039;20000;efectivo
169533546912;5/10/2024;SN-4039;20000;efectivo
189533547031;2/11/2024;SN-4039;20000;efectivo
199533547111;3/12/2024;SN-4039;20000;efectivo
107433442884;5/1/2024;SN-4040;15000;efectivo
117433443003;6/2/2024;SN-4040;15000;efectivo
127433444122;3/3/2024;SN-4040;15000;efectivo
129433445241;9/4/2024;SN-4040;15000;efectivo
129533445360;4/5/2024;SN-4040;15000;efectivo
139533445479;3/6/2024;SN-4040;15000;efectivo
149533446598;1/7/2024;SN-4040;20000;efectivo
149533446718;2/8/2024;SN-4040;20000;efectivo
149533446838;3/9/2024;SN-4040;20000;efectivo
169533546957;5/10/2024;SN-4040;20000;efectivo
189533547076;2/11/2024;SN-4040;20000;efectivo
199533547156;3/12/2024;SN-4040;20000;efectivo
107433442869;5/1/2024;SN-4041;15000;efectivo
117433442988;6/2/2024;SN-4041;15000;efectivo
127433444107;3/3/2024;SN-4041;15000;efectivo
129433445226;9/4/2024;SN-4041;15000;efectivo
129533445345;4/5/2024;SN-4041;15000;efectivo
139533445464;3/6/2024;SN-4041;15000;efectivo
149533446583;1/7/2024;SN-4041;20000;efectivo
149533446703;2/8/2024;SN-4041;20000;efectivo
149533446823;13/9/2024;SN-4041;22000;efectivo
169533546942;15/10/2024;SN-4041;22000;efectivo
189533547061;22/11/2024;SN-4041;22000;efectivo
199533547141;13/12/2024;SN-4041;22000;efectivo
107433442905;5/1/2024;SN-4042;15000;efectivo
117433443024;6/2/2024;SN-4042;15000;efectivo
127433444143;3/3/2024;SN-4042;15000;efectivo
129433445262;9/4/2024;SN-4042;15000;efectivo
129533445381;4/5/2024;SN-4042;15000;efectivo
139533445500;3/6/2024;SN-4042;15000;efectivo
149533446619;1/7/2024;SN-4042;20000;efectivo
149533446739;2/8/2024;SN-4042;20000;efectivo
149533446859;3/9/2024;SN-4042;20000;efectivo
169533546978;5/10/2024;SN-4042;20000;efectivo
199533547057;2/11/2024;SN-4042;20000;efectivo
199533547177;3/12/2024;SN-4042;20000;efectivo
107433442901;5/1/2024;SN-4043;15000;efectivo
117433443020;6/2/2024;SN-4043;15000;efectivo
127433444139;3/3/2024;SN-4043;15000;efectivo
129433445258;9/4/2024;SN-4043;15000;efectivo
129533445377;4/5/2024;SN-4043;15000;efectivo
139533445496;3/6/2024;SN-4043;15000;efectivo
149533446615;1/7/2024;SN-4043;20000;efectivo
149533446735;2/8/2024;SN-4043;20000;efectivo
149533446855;3/9/2024;SN-4043;20000;efectivo
169533546974;5/10/2024;SN-4043;20000;efectivo
189533547093;2/11/2024;SN-4043;20000;efectivo
199533547173;3/12/2024;SN-4043;20000;efectivo
107433442903;5/1/2024;SN-4044;15000;efectivo
117433443022;6/2/2024;SN-4044;15000;efectivo
127433444141;3/3/2024;SN-4044;15000;efectivo
129433445260;9/4/2024;SN-4044;15000;efectivo
129533445379;4/5/2024;SN-4044;15000;efectivo
139533445498;3/6/2024;SN-4044;15000;efectivo
149533446617;1/7/2024;SN-4044;20000;efectivo
149533446737;2/8/2024;SN-4044;20000;efectivo
149533446857;3/9/2024;SN-4044;20000;efectivo
169533546976;5/10/2024;SN-4044;20000;efectivo
189533547095;2/11/2024;SN-4044;20000;efectivo
199533547175;3/12/2024;SN-4044;20000;efectivo
107433442879;5/1/2024;SN-4045;15000;efectivo
117433442998;6/2/2024;SN-4045;15000;efectivo
127433444117;3/3/2024;SN-4045;15000;efectivo
129433445236;9/4/2024;SN-4045;15000;efectivo
129533445355;4/5/2024;SN-4045;15000;efectivo
139533445474;3/6/2024;SN-4045;15000;efectivo
149533446593;1/7/2024;SN-4045;20000;efectivo
149533446713;2/8/2024;SN-4045;20000;efectivo
149533446833;3/9/2024;SN-4045;20000;efectivo
169533546952;5/10/2024;SN-4045;20000;efectivo
189533547071;2/11/2024;SN-4045;20000;efectivo
199533547151;3/12/2024;SN-4045;20000;efectivo
107433442792;5/1/2024;SN-4046;15000;efectivo
117433442911;6/2/2024;SN-4046;15000;efectivo
127433444030;3/3/2024;SN-4046;15000;efectivo
129433445149;9/4/2024;SN-4046;15000;efectivo
129533445268;4/5/2024;SN-4046;15000;efectivo
139533445387;3/6/2024;SN-4046;15000;efectivo
149533446506;1/7/2024;SN-4046;20000;efectivo
149533446626;2/8/2024;SN-4046;20000;efectivo
149533446746;3/9/2024;SN-4046;20000;efectivo
169533546865;5/10/2024;SN-4046;20000;efectivo
189533546984;2/11/2024;SN-4046;20000;efectivo
199533547064;3/12/2024;SN-4046;20000;efectivo
107433442830;5/1/2024;SN-4047;15000;efectivo
117433442949;6/2/2024;SN-4047;15000;efectivo
127433444068;3/3/2024;SN-4047;15000;efectivo
129433445187;9/4/2024;SN-4047;15000;efectivo
129533445306;4/5/2024;SN-4047;15000;efectivo
139533445425;3/6/2024;SN-4047;15000;efectivo
149533446544;1/7/2024;SN-4047;20000;efectivo
149533446664;2/8/2024;SN-4047;20000;efectivo
149533446784;13/9/2024;SN-4047;22000;efectivo
169533546903;15/10/2024;SN-4047;22000;efectivo
189533547022;22/11/2024;SN-4047;22000;efectivo
199533547102;13/12/2024;SN-4047;22000;efectivo
107433442849;5/1/2024;SN-4048;15000;efectivo
117433442968;6/2/2024;SN-4048;15000;efectivo
127433444087;3/3/2024;SN-4048;15000;efectivo
129433445206;9/4/2024;SN-4048;15000;efectivo
129533445325;4/5/2024;SN-4048;15000;efectivo
139533445444;3/6/2024;SN-4048;15000;efectivo
149533446563;1/7/2024;SN-4048;20000;efectivo
149533446683;2/8/2024;SN-4048;20000;efectivo
149533446803;3/9/2024;SN-4048;20000;efectivo
169533546922;5/10/2024;SN-4048;20000;efectivo
189533547041;2/11/2024;SN-4048;20000;efectivo
199533547121;3/12/2024;SN-4048;20000;efectivo
107433442826;5/1/2024;SN-4049;15000;efectivo
117433442945;6/2/2024;SN-4049;15000;efectivo
127433444064;3/3/2024;SN-4049;15000;efectivo
129433445183;9/4/2024;SN-4049;15000;efectivo
129533445302;4/5/2024;SN-4049;15000;efectivo
139533445421;3/6/2024;SN-4049;15000;efectivo
149533446540;1/7/2024;SN-4049;20000;efectivo
149533446660;2/8/2024;SN-4049;20000;efectivo
149533446780;3/9/2024;SN-4049;20000;efectivo
169533546899;5/10/2024;SN-4049;20000;efectivo
189533547018;2/11/2024;SN-4049;20000;efectivo
199533547098;3/12/2024;SN-4049;20000;efectivo
107433442841;5/1/2024;SN-4050;15000;efectivo
117433442960;6/2/2024;SN-4050;15000;efectivo
127433444079;3/3/2024;SN-4050;15000;efectivo
129433445198;9/4/2024;SN-4050;15000;efectivo
129533445317;4/5/2024;SN-4050;15000;efectivo
139533445436;3/6/2024;SN-4050;15000;efectivo
149533446555;1/7/2024;SN-4050;20000;efectivo
149533446675;2/8/2024;SN-4050;20000;efectivo
149533446795;3/9/2024;SN-4050;20000;efectivo
169533546914;5/10/2024;SN-4050;20000;efectivo
189533547033;2/11/2024;SN-4050;20000;efectivo
199533547113;3/12/2024;SN-4050;20000;efectivo
107433442854;5/1/2024;SN-4051;15000;efectivo
117433442973;6/2/2024;SN-4051;15000;efectivo
127433444092;3/3/2024;SN-4051;15000;efectivo
129433445211;9/4/2024;SN-4051;15000;efectivo
129533445330;4/5/2024;SN-4051;15000;efectivo
139533445449;3/6/2024;SN-4051;15000;efectivo
149533446568;1/7/2024;SN-4051;20000;efectivo
149533446688;2/8/2024;SN-4051;20000;efectivo
149533446808;3/9/2024;SN-4051;20000;efectivo
169533546927;5/10/2024;SN-4051;20000;efectivo
189533547046;2/11/2024;SN-4051;20000;efectivo
199533547126;3/12/2024;SN-4051;20000;efectivo
107433442813;5/1/2024;SN-4052;15000;efectivo
117433442932;6/2/2024;SN-4052;15000;efectivo
127433444051;3/3/2024;SN-4052;15000;efectivo
129433445170;9/4/2024;SN-4052;15000;efectivo
129533445289;4/5/2024;SN-4052;15000;efectivo
139533445408;3/6/2024;SN-4052;15000;efectivo
149533446527;1/7/2024;SN-4052;20000;efectivo
149533446647;2/8/2024;SN-4052;20000;efectivo
149533446767;3/9/2024;SN-4052;20000;efectivo
169533546886;5/10/2024;SN-4052;20000;efectivo
189533547005;2/11/2024;SN-4052;20000;efectivo
199533547085;3/12/2024;SN-4052;20000;efectivo
107433442886;5/1/2024;SN-4053;15000;efectivo
117433443005;6/2/2024;SN-4053;15000;efectivo
127433444124;3/3/2024;SN-4053;15000;efectivo
129433445243;9/4/2024;SN-4053;15000;efectivo
129533445362;4/5/2024;SN-4053;15000;efectivo
139533445481;3/6/2024;SN-4053;15000;efectivo
149533446600;1/7/2024;SN-4053;20000;efectivo
149533446720;2/8/2024;SN-4053;20000;efectivo
149533446840;3/9/2024;SN-4053;20000;efectivo
169533546959;5/10/2024;SN-4053;20000;efectivo
189533547078;2/11/2024;SN-4053;20000;efectivo
199533547158;3/12/2024;SN-4053;20000;efectivo
107433442847;5/1/2024;SN-4054;15000;efectivo
117433442966;6/2/2024;SN-4054;15000;efectivo
127433444085;3/3/2024;SN-4054;15000;efectivo
129433445204;9/4/2024;SN-4054;15000;efectivo
129533445323;4/5/2024;SN-4054;15000;efectivo
139533445442;3/6/2024;SN-4054;15000;efectivo
149533446561;1/7/2024;SN-4054;20000;efectivo
149533446681;2/8/2024;SN-4054;20000;efectivo
149533446801;3/9/2024;SN-4054;20000;efectivo
169533546920;5/10/2024;SN-4054;20000;efectivo
189533547039;2/11/2024;SN-4054;20000;efectivo
199533547119;3/12/2024;SN-4054;20000;efectivo
107433442789;5/1/2024;SN-4055;15000;efectivo
117433442908;6/2/2024;SN-4055;15000;efectivo
127433444027;3/3/2024;SN-4055;15000;efectivo
129433445146;9/4/2024;SN-4055;15000;efectivo
129533445265;4/5/2024;SN-4055;15000;efectivo
139533445384;3/6/2024;SN-4055;15000;efectivo
149533446503;1/7/2024;SN-4055;20000;efectivo
149533446623;2/8/2024;SN-4055;20000;efectivo
149533446743;3/9/2024;SN-4055;20000;efectivo
169533546862;5/10/2024;SN-4055;20000;efectivo
189533546981;2/11/2024;SN-4055;20000;efectivo
199533547061;3/12/2024;SN-4055;20000;efectivo
107433442876;5/1/2024;SN-4056;15000;efectivo
117433442995;6/2/2024;SN-4056;15000;efectivo
127433444114;3/3/2024;SN-4056;15000;efectivo
129433445233;9/4/2024;SN-4056;15000;efectivo
129533445352;4/5/2024;SN-4056;15000;efectivo
139533445471;3/6/2024;SN-4056;15000;efectivo
149533446590;1/7/2024;SN-4056;20000;efectivo
149533446710;2/8/2024;SN-4056;20000;efectivo
149533446830;3/9/2024;SN-4056;20000;efectivo
169533546949;5/10/2024;SN-4056;20000;efectivo
189533547068;2/11/2024;SN-4056;20000;efectivo
199533547148;3/12/2024;SN-4056;20000;efectivo
107433442891;5/1/2024;SN-4057;15000;efectivo
117433443010;6/2/2024;SN-4057;15000;efectivo
127433444129;3/3/2024;SN-4057;15000;efectivo
129433445248;9/4/2024;SN-4057;15000;efectivo
129533445367;4/5/2024;SN-4057;15000;efectivo
139533445486;3/6/2024;SN-4057;15000;efectivo
149533446605;1/7/2024;SN-4057;20000;efectivo
149533446725;2/8/2024;SN-4057;20000;efectivo
149533446845;3/9/2024;SN-4057;20000;efectivo
169533546964;5/10/2024;SN-4057;20000;efectivo
189533547083;2/11/2024;SN-4057;20000;efectivo
199533547163;3/12/2024;SN-4057;20000;efectivo
107433442805;5/1/2024;SN-4058;15000;efectivo
117433442924;6/2/2024;SN-4058;15000;efectivo
127433444043;3/3/2024;SN-4058;15000;efectivo
129433445162;9/4/2024;SN-4058;15000;efectivo
129533445281;4/5/2024;SN-4058;15000;efectivo
139533445400;3/6/2024;SN-4058;15000;efectivo
149533446519;1/7/2024;SN-4058;20000;efectivo
149533446639;2/8/2024;SN-4058;20000;efectivo
149533446759;3/9/2024;SN-4058;20000;efectivo
169533546878;5/10/2024;SN-4058;20000;efectivo
189533546997;2/11/2024;SN-4058;20000;efectivo
199533547077;3/12/2024;SN-4058;20000;efectivo
107433442870;5/1/2024;SN-4059;15000;efectivo
117433442989;6/2/2024;SN-4059;15000;efectivo
127433444108;3/3/2024;SN-4059;15000;efectivo
129433445227;9/4/2024;SN-4059;15000;efectivo
129533445346;4/5/2024;SN-4059;15000;efectivo
139533445465;3/6/2024;SN-4059;15000;efectivo
149533446584;1/7/2024;SN-4059;20000;efectivo
149533446704;2/8/2024;SN-4059;20000;efectivo
149533446824;13/9/2024;SN-4059;22000;efectivo
169533546943;15/10/2024;SN-4059;22000;efectivo
189533547062;22/11/2024;SN-4059;22000;efectivo
199533547142;13/12/2024;SN-4059;22000;efectivo
107433442853;5/1/2024;SN-4060;15000;efectivo
117433442972;6/2/2024;SN-4060;15000;efectivo
127433444091;3/3/2024;SN-4060;15000;efectivo
129433445210;9/4/2024;SN-4060;15000;efectivo
129533445329;4/5/2024;SN-4060;15000;efectivo
139533445448;3/6/2024;SN-4060;15000;efectivo
149533446567;1/7/2024;SN-4060;20000;efectivo
149533446687;2/8/2024;SN-4060;20000;efectivo
149533446807;3/9/2024;SN-4060;20000;efectivo
169533546926;5/10/2024;SN-4060;20000;efectivo
189533547045;2/11/2024;SN-4060;20000;efectivo
199533547125;3/12/2024;SN-4060;20000;efectivo
107433442855;5/1/2024;SN-4061;15000;efectivo
117433442974;6/2/2024;SN-4061;15000;efectivo
127433444093;3/3/2024;SN-4061;15000;efectivo
129433445212;9/4/2024;SN-4061;15000;efectivo
129533445331;4/5/2024;SN-4061;15000;efectivo
139533445450;3/6/2024;SN-4061;15000;efectivo
149533446569;1/7/2024;SN-4061;20000;efectivo
149533446689;2/8/2024;SN-4061;20000;efectivo
149533446809;3/9/2024;SN-4061;20000;efectivo
169533546928;5/10/2024;SN-4061;20000;efectivo
189533547047;2/11/2024;SN-4061;20000;efectivo
199533547127;3/12/2024;SN-4061;20000;efectivo
107433442856;5/1/2024;SN-4062;15000;efectivo
117433442975;6/2/2024;SN-4062;15000;efectivo
127433444094;3/3/2024;SN-4062;15000;efectivo
129433445213;9/4/2024;SN-4062;15000;efectivo
129533445332;4/5/2024;SN-4062;15000;efectivo
139533445451;3/6/2024;SN-4062;15000;efectivo
149533446570;1/7/2024;SN-4062;20000;efectivo
149533446690;2/8/2024;SN-4062;20000;efectivo
149533446810;3/9/2024;SN-4062;20000;efectivo
169533546929;5/10/2024;SN-4062;20000;efectivo
189533547048;2/11/2024;SN-4062;20000;efectivo
199533547128;3/12/2024;SN-4062;20000;efectivo
107433442859;5/1/2024;SN-4063;15000;efectivo
117433442978;6/2/2024;SN-4063;15000;efectivo
127433444097;3/3/2024;SN-4063;15000;efectivo
129433445216;9/4/2024;SN-4063;15000;efectivo
129533445335;4/5/2024;SN-4063;15000;efectivo
139533445454;3/6/2024;SN-4063;15000;efectivo
149533446573;1/7/2024;SN-4063;20000;efectivo
149533446693;2/8/2024;SN-4063;20000;efectivo
149533446813;3/9/2024;SN-4063;20000;efectivo
169533546932;5/10/2024;SN-4063;20000;efectivo
189533547051;2/11/2024;SN-4063;20000;efectivo
199533547131;3/12/2024;SN-4063;20000;efectivo
107433442896;5/1/2024;SN-4064;15000;efectivo
117433443015;6/2/2024;SN-4064;15000;efectivo
127433444134;3/3/2024;SN-4064;15000;efectivo
129433445253;9/4/2024;SN-4064;15000;efectivo
129533445372;4/5/2024;SN-4064;15000;efectivo
139533445491;3/6/2024;SN-4064;15000;efectivo
149533446610;1/7/2024;SN-4064;20000;efectivo
149533446730;2/8/2024;SN-4064;20000;efectivo
149533446850;3/9/2024;SN-4064;20000;efectivo
169533546969;5/10/2024;SN-4064;20000;efectivo
189533547088;2/11/2024;SN-4064;20000;efectivo
199533547168;3/12/2024;SN-4064;20000;efectivo
107433442791;5/1/2024;SN-4065;15000;efectivo
117433442910;6/2/2024;SN-4065;15000;efectivo
127433444029;3/3/2024;SN-4065;15000;efectivo
129433445148;9/4/2024;SN-4065;15000;efectivo
129533445267;4/5/2024;SN-4065;15000;efectivo
139533445386;3/6/2024;SN-4065;15000;efectivo
149533446505;1/7/2024;SN-4065;20000;efectivo
149533446625;2/8/2024;SN-4065;20000;efectivo
149533446745;3/9/2024;SN-4065;20000;efectivo
169533546864;5/10/2024;SN-4065;20000;efectivo
189533546983;2/11/2024;SN-4065;20000;efectivo
199533547063;3/12/2024;SN-4065;20000;efectivo
107433442816;5/1/2024;SN-4066;15000;efectivo
117433442935;6/2/2024;SN-4066;15000;efectivo
127433444054;3/3/2024;SN-4066;15000;efectivo
129433445173;9/4/2024;SN-4066;15000;efectivo
129533445292;4/5/2024;SN-4066;15000;efectivo
139533445411;3/6/2024;SN-4066;15000;efectivo
149533446530;1/7/2024;SN-4066;20000;efectivo
149533446650;2/8/2024;SN-4066;20000;efectivo
149533446770;3/9/2024;SN-4066;20000;efectivo
169533546889;5/10/2024;SN-4066;20000;efectivo
189533547008;2/11/2024;SN-4066;20000;efectivo
199533547088;3/12/2024;SN-4066;20000;efectivo
107433442880;5/1/2024;SN-4067;15000;efectivo
117433442999;6/2/2024;SN-4067;15000;efectivo
127433444118;3/3/2024;SN-4067;15000;efectivo
129433445237;9/4/2024;SN-4067;15000;efectivo
129533445356;4/5/2024;SN-4067;15000;efectivo
139533445475;3/6/2024;SN-4067;15000;efectivo
149533446594;1/7/2024;SN-4067;20000;efectivo
149533446714;2/8/2024;SN-4067;20000;efectivo
149533446834;13/9/2024;SN-4067;22000;efectivo
169533546953;15/10/2024;SN-4067;22000;efectivo
189533547072;22/11/2024;SN-4067;22000;efectivo
199533547152;13/12/2024;SN-4067;22000;efectivo
107433442883;5/1/2024;SN-4068;15000;efectivo
117433443002;6/2/2024;SN-4068;15000;efectivo
127433444121;3/3/2024;SN-4068;15000;efectivo
129433445240;9/4/2024;SN-4068;15000;efectivo
129533445359;4/5/2024;SN-4068;15000;efectivo
139533445478;3/6/2024;SN-4068;15000;efectivo
149533446597;1/7/2024;SN-4068;20000;efectivo
149533446717;2/8/2024;SN-4068;20000;efectivo
149533446837;3/9/2024;SN-4068;20000;efectivo
169533546956;5/10/2024;SN-4068;20000;efectivo
189533547075;2/11/2024;SN-4068;20000;efectivo
199533547155;3/12/2024;SN-4068;20000;efectivo
107433442888;5/1/2024;SN-4069;15000;efectivo
117433443007;6/2/2024;SN-4069;15000;efectivo
127433444126;3/3/2024;SN-4069;15000;efectivo
129433445245;9/4/2024;SN-4069;15000;efectivo
129533445364;4/5/2024;SN-4069;15000;efectivo
139533445483;3/6/2024;SN-4069;15000;efectivo
149533446602;1/7/2024;SN-4069;20000;efectivo
149533446722;2/8/2024;SN-4069;20000;efectivo
149533446842;3/9/2024;SN-4069;20000;efectivo
169533546961;5/10/2024;SN-4069;20000;efectivo
189533547080;2/11/2024;SN-4069;20000;efectivo
199533547160;3/12/2024;SN-4069;20000;efectivo
107433442818;5/1/2024;SN-4070;15000;efectivo
117433442937;6/2/2024;SN-4070;15000;efectivo
127433444056;3/3/2024;SN-4070;15000;efectivo
129433445175;9/4/2024;SN-4070;15000;efectivo
129533445294;4/5/2024;SN-4070;15000;efectivo
139533445413;3/6/2024;SN-4070;15000;efectivo
149533446532;1/7/2024;SN-4070;20000;efectivo
149533446652;2/8/2024;SN-4070;20000;efectivo
149533446772;3/9/2024;SN-4070;20000;efectivo
169533546891;5/10/2024;SN-4070;20000;efectivo
189533547010;2/11/2024;SN-4070;20000;efectivo
199533547090;3/12/2024;SN-4070;20000;efectivo
107433442822;5/1/2024;SN-4071;15000;efectivo
117433442941;6/2/2024;SN-4071;15000;efectivo
127433444060;3/3/2024;SN-4071;15000;efectivo
129433445179;9/4/2024;SN-4071;15000;efectivo
129533445298;4/5/2024;SN-4071;15000;efectivo
139533445417;3/6/2024;SN-4071;15000;efectivo
149533446536;1/7/2024;SN-4071;20000;efectivo
149533446656;2/8/2024;SN-4071;20000;efectivo
149533446776;3/9/2024;SN-4071;20000;efectivo
169533546895;5/10/2024;SN-4071;20000;efectivo
189533547014;2/11/2024;SN-4071;20000;efectivo
199533547094;3/12/2024;SN-4071;20000;efectivo
107433442844;5/1/2024;SN-4072;15000;efectivo
117433442963;6/2/2024;SN-4072;15000;efectivo
127433444082;3/3/2024;SN-4072;15000;efectivo
129433445201;9/4/2024;SN-4072;15000;efectivo
129533445320;4/5/2024;SN-4072;15000;efectivo
139533445439;3/6/2024;SN-4072;15000;efectivo
149533446558;1/7/2024;SN-4072;20000;efectivo
149533446678;2/8/2024;SN-4072;20000;efectivo
149533446798;13/9/2024;SN-4072;22000;efectivo
169533546917;15/10/2024;SN-4072;22000;efectivo
189533547036;22/11/2024;SN-4072;22000;efectivo
199533547116;13/12/2024;SN-4072;22000;efectivo
107433442871;5/1/2024;SN-4073;15000;efectivo
117433442990;6/2/2024;SN-4073;15000;efectivo
127433444109;3/3/2024;SN-4073;15000;efectivo
129433445228;9/4/2024;SN-4073;15000;efectivo
129533445347;4/5/2024;SN-4073;15000;efectivo
139533445466;3/6/2024;SN-4073;15000;efectivo
149533446585;1/7/2024;SN-4073;20000;efectivo
149533446705;2/8/2024;SN-4073;20000;efectivo
149533446825;3/9/2024;SN-4073;20000;efectivo
169533546944;5/10/2024;SN-4073;20000;efectivo
189533547063;2/11/2024;SN-4073;20000;efectivo
199533547143;3/12/2024;SN-4073;20000;efectivo
107433442858;5/1/2024;SN-4074;15000;efectivo
117433442977;6/2/2024;SN-4074;15000;efectivo
127433444096;3/3/2024;SN-4074;15000;efectivo
129433445215;9/4/2024;SN-4074;15000;efectivo
129533445334;4/5/2024;SN-4074;15000;efectivo
139533445453;3/6/2024;SN-4074;15000;efectivo
149533446572;1/7/2024;SN-4074;20000;efectivo
149533446692;2/8/2024;SN-4074;20000;efectivo
149533446812;3/9/2024;SN-4074;20000;efectivo
169533546931;5/10/2024;SN-4074;20000;efectivo
189533547050;2/11/2024;SN-4074;20000;efectivo
199533547130;3/12/2024;SN-4074;20000;efectivo
107433442850;5/1/2024;SN-4075;15000;efectivo
117433442969;6/2/2024;SN-4075;15000;efectivo
127433444088;3/3/2024;SN-4075;15000;efectivo
129433445207;9/4/2024;SN-4075;15000;efectivo
129533445326;4/5/2024;SN-4075;15000;efectivo
139533445445;3/6/2024;SN-4075;15000;efectivo
149533446564;1/7/2024;SN-4075;20000;efectivo
149533446684;2/8/2024;SN-4075;20000;efectivo
149533446804;13/9/2024;SN-4075;22000;efectivo
169533546923;15/10/2024;SN-4075;22000;efectivo
189533547042;22/11/2024;SN-4075;22000;efectivo
199533547122;13/12/2024;SN-4075;22000;efectivo
107433442851;5/1/2024;SN-4076;15000;efectivo
117433442970;6/2/2024;SN-4076;15000;efectivo
127433444089;3/3/2024;SN-4076;15000;efectivo
129433445208;9/4/2024;SN-4076;15000;efectivo
129533445327;4/5/2024;SN-4076;15000;efectivo
139533445446;3/6/2024;SN-4076;15000;efectivo
149533446565;1/7/2024;SN-4076;20000;efectivo
149533446685;2/8/2024;SN-4076;20000;efectivo
149533446805;3/9/2024;SN-4076;20000;efectivo
169533546924;5/10/2024;SN-4076;20000;efectivo
189533547043;2/11/2024;SN-4076;20000;efectivo
199533547123;3/12/2024;SN-4076;20000;efectivo
107433442857;5/1/2024;SN-4077;15000;efectivo
117433442976;6/2/2024;SN-4077;15000;efectivo
127433444095;3/3/2024;SN-4077;15000;efectivo
129433445214;9/4/2024;SN-4077;15000;efectivo
129533445333;4/5/2024;SN-4077;15000;efectivo
139533445452;3/6/2024;SN-4077;15000;efectivo
149533446571;1/7/2024;SN-4077;20000;efectivo
149533446691;2/8/2024;SN-4077;20000;efectivo
149533446811;3/9/2024;SN-4077;20000;efectivo
169533546930;5/10/2024;SN-4077;20000;efectivo
189533547049;2/11/2024;SN-4077;20000;efectivo
199533547129;3/12/2024;SN-4077;20000;efectivo
107433442868;5/1/2024;SN-4078;15000;efectivo
117433442987;6/2/2024;SN-4078;15000;efectivo
127433444106;3/3/2024;SN-4078;15000;efectivo
129433445225;9/4/2024;SN-4078;15000;efectivo
129533445344;4/5/2024;SN-4078;15000;efectivo
139533445463;3/6/2024;SN-4078;15000;efectivo
149533446582;1/7/2024;SN-4078;20000;efectivo
149533446702;2/8/2024;SN-4078;20000;efectivo
149533446822;13/9/2024;SN-4078;22000;efectivo
169533546941;15/10/2024;SN-4078;22000;efectivo
189533547060;22/11/2024;SN-4078;22000;efectivo
199533547140;13/12/2024;SN-4078;22000;efectivo
107433442877;5/1/2024;SN-4079;15000;efectivo
117433442996;6/2/2024;SN-4079;15000;efectivo
127433444115;3/3/2024;SN-4079;15000;efectivo
129433445234;9/4/2024;SN-4079;15000;efectivo
129533445353;4/5/2024;SN-4079;15000;efectivo
139533445472;3/6/2024;SN-4079;15000;efectivo
149533446591;1/7/2024;SN-4079;20000;efectivo
149533446711;2/8/2024;SN-4079;20000;efectivo
149533446831;3/9/2024;SN-4079;20000;efectivo
169533546950;5/10/2024;SN-4079;20000;efectivo
189533547069;2/11/2024;SN-4079;20000;efectivo
199533547149;3/12/2024;SN-4079;20000;efectivo
107433442872;5/1/2024;SN-4080;15000;efectivo
117433442991;6/2/2024;SN-4080;15000;efectivo
127433444110;3/3/2024;SN-4080;15000;efectivo
129433445229;9/4/2024;SN-4080;15000;efectivo
129533445348;4/5/2024;SN-4080;15000;efectivo
139533445467;3/6/2024;SN-4080;15000;efectivo
149533446586;1/7/2024;SN-4080;20000;efectivo
149533446706;2/8/2024;SN-4080;20000;efectivo
149533446826;3/9/2024;SN-4080;20000;efectivo
169533546945;5/10/2024;SN-4080;20000;efectivo
189533547064;2/11/2024;SN-4080;20000;efectivo
199533547144;3/12/2024;SN-4080;20000;efectivo
107433442878;5/1/2024;SN-4081;15000;efectivo
117433442997;6/2/2024;SN-4081;15000;efectivo
127433444116;3/3/2024;SN-4081;15000;efectivo
129433445235;9/4/2024;SN-4081;15000;efectivo
129533445354;4/5/2024;SN-4081;15000;efectivo
139533445473;3/6/2024;SN-4081;15000;efectivo
149533446592;1/7/2024;SN-4081;20000;efectivo
149533446712;2/8/2024;SN-4081;20000;efectivo
149533446832;3/9/2024;SN-4081;20000;efectivo
169533546951;5/10/2024;SN-4081;20000;efectivo
189533547070;2/11/2024;SN-4081;20000;efectivo
199533547150;3/12/2024;SN-4081;20000;efectivo
107433442892;5/1/2024;SN-4082;15000;efectivo
117433443011;6/2/2024;SN-4082;15000;efectivo
127433444130;3/3/2024;SN-4082;15000;efectivo
129433445249;9/4/2024;SN-4082;15000;efectivo
129533445368;4/5/2024;SN-4082;15000;efectivo
139533445487;3/6/2024;SN-4082;15000;efectivo
149533446606;1/7/2024;SN-4082;20000;efectivo
149533446726;2/8/2024;SN-4082;20000;efectivo
149533446846;3/9/2024;SN-4082;20000;efectivo
169533546965;5/10/2024;SN-4082;20000;efectivo
189533547084;2/11/2024;SN-4082;20000;efectivo
199533547164;3/12/2024;SN-4082;20000;efectivo
107433442893;5/1/2024;SN-4083;15000;efectivo
117433443012;6/2/2024;SN-4083;15000;efectivo
127433444131;3/3/2024;SN-4083;15000;efectivo
129433445250;9/4/2024;SN-4083;15000;efectivo
129533445369;4/5/2024;SN-4083;15000;efectivo
139533445488;3/6/2024;SN-4083;15000;efectivo
149533446607;1/7/2024;SN-4083;20000;efectivo
149533446727;2/8/2024;SN-4083;20000;efectivo
149533446847;3/9/2024;SN-4083;20000;efectivo
169533546966;5/10/2024;SN-4083;20000;efectivo
189533547085;2/11/2024;SN-4083;20000;efectivo
199533547165;3/12/2024;SN-4083;20000;efectivo
107433442894;5/1/2024;SN-4084;15000;efectivo
117433443013;6/2/2024;SN-4084;15000;efectivo
127433444132;3/3/2024;SN-4084;15000;efectivo
129433445251;9/4/2024;SN-4084;15000;efectivo
129533445370;4/5/2024;SN-4084;15000;efectivo
139533445489;3/6/2024;SN-4084;15000;efectivo
149533446608;1/7/2024;SN-4084;20000;efectivo
149533446728;2/8/2024;SN-4084;20000;efectivo
149533446848;3/9/2024;SN-4084;20000;efectivo
169533546967;5/10/2024;SN-4084;20000;efectivo
189533547086;2/11/2024;SN-4084;20000;efectivo
199533547166;3/12/2024;SN-4084;20000;efectivo
107433442895;5/1/2024;SN-4085;15000;efectivo
117433443014;6/2/2024;SN-4085;15000;efectivo
127433444133;3/3/2024;SN-4085;15000;efectivo
129433445252;9/4/2024;SN-4085;15000;efectivo
129533445371;4/5/2024;SN-4085;15000;efectivo
139533445490;3/6/2024;SN-4085;15000;efectivo
149533446609;1/7/2024;SN-4085;20000;efectivo
149533446729;2/8/2024;SN-4085;20000;efectivo
149533446849;3/9/2024;SN-4085;20000;efectivo
169533546968;5/10/2024;SN-4085;20000;efectivo
189533547087;2/11/2024;SN-4085;20000;efectivo
199533547167;3/12/2024;SN-4085;20000;efectivo
107433442897;5/1/2024;SN-4086;15000;efectivo
117433443016;6/2/2024;SN-4086;15000;efectivo
127433444135;3/3/2024;SN-4086;15000;efectivo
129433445254;9/4/2024;SN-4086;15000;efectivo
129533445373;4/5/2024;SN-4086;15000;efectivo
139533445492;3/6/2024;SN-4086;15000;efectivo
149533446611;1/7/2024;SN-4086;20000;efectivo
149533446731;2/8/2024;SN-4086;20000;efectivo
149533446851;3/9/2024;SN-4086;20000;efectivo
169533546970;5/10/2024;SN-4086;20000;efectivo
189533547089;2/11/2024;SN-4086;20000;efectivo
199533547169;3/12/2024;SN-4086;20000;efectivo
107433442898;5/1/2024;SN-4087;15000;efectivo
117433443017;6/2/2024;SN-4087;15000;efectivo
127433444136;3/3/2024;SN-4087;15000;efectivo
129433445255;9/4/2024;SN-4087;15000;efectivo
129533445374;4/5/2024;SN-4087;15000;efectivo
139533445493;3/6/2024;SN-4087;15000;efectivo
149533446612;1/7/2024;SN-4087;20000;efectivo
149533446732;2/8/2024;SN-4087;20000;efectivo
149533446852;3/9/2024;SN-4087;20000;efectivo
169533546971;5/10/2024;SN-4087;20000;efectivo
189533547090;2/11/2024;SN-4087;20000;efectivo
199533547170;3/12/2024;SN-4087;20000;efectivo
107433442904;5/1/2024;SN-4088;15000;efectivo
117433443023;6/2/2024;SN-4088;15000;efectivo
127433444142;3/3/2024;SN-4088;15000;efectivo
129433445261;9/4/2024;SN-4088;15000;efectivo
129533445380;4/5/2024;SN-4088;15000;efectivo
139533445499;3/6/2024;SN-4088;15000;efectivo
149533446618;1/7/2024;SN-4088;20000;efectivo
149533446738;2/8/2024;SN-4088;20000;efectivo
149533446858;3/9/2024;SN-4088;20000;efectivo
169533546977;5/10/2024;SN-4088;20000;efectivo
189533547096;2/11/2024;SN-4088;20000;efectivo
199533547176;3/12/2024;SN-4088;20000;efectivo
107433442793;5/1/2024;SN-4089;15000;efectivo
117433442912;6/2/2024;SN-4089;15000;efectivo
127433444031;3/3/2024;SN-4089;15000;efectivo
129433445150;9/4/2024;SN-4089;15000;efectivo
129533445269;4/5/2024;SN-4089;15000;efectivo
139533445388;3/6/2024;SN-4089;15000;efectivo
149533446507;1/7/2024;SN-4089;20000;efectivo
149533446627;2/8/2024;SN-4089;20000;efectivo
149533446747;3/9/2024;SN-4089;20000;efectivo
169533546866;5/10/2024;SN-4089;20000;efectivo
189533546985;2/11/2024;SN-4089;20000;efectivo
199533547065;3/12/2024;SN-4089;20000;efectivo
107433442795;5/1/2024;SN-4090;15000;efectivo
117433442914;6/2/2024;SN-4090;15000;efectivo
127433444033;3/3/2024;SN-4090;15000;efectivo
129433445152;9/4/2024;SN-4090;15000;efectivo
129533445271;4/5/2024;SN-4090;15000;efectivo
139533445390;3/6/2024;SN-4090;15000;efectivo
149533446509;1/7/2024;SN-4090;20000;efectivo
149533446629;2/8/2024;SN-4090;20000;efectivo
149533446749;3/9/2024;SN-4090;20000;efectivo
169533546868;5/10/2024;SN-4090;20000;efectivo
189533546987;2/11/2024;SN-4090;20000;efectivo
199533547067;3/12/2024;SN-4090;20000;efectivo
107433442797;5/1/2024;SN-4091;15000;efectivo
117433442916;6/2/2024;SN-4091;15000;efectivo
127433444035;3/3/2024;SN-4091;15000;efectivo
129433445154;9/4/2024;SN-4091;15000;efectivo
129533445273;4/5/2024;SN-4091;15000;efectivo
139533445392;3/6/2024;SN-4091;15000;efectivo
149533446511;1/7/2024;SN-4091;20000;efectivo
149533446631;2/8/2024;SN-4091;20000;efectivo
149533446751;13/9/2024;SN-4091;22000;efectivo
169533546870;15/10/2024;SN-4091;22000;efectivo
189533546989;22/11/2024;SN-4091;22000;efectivo
199533547069;13/12/2024;SN-4091;22000;efectivo
107433442798;5/1/2024;SN-4092;15000;efectivo
117433442917;6/2/2024;SN-4092;15000;efectivo
127433444036;3/3/2024;SN-4092;15000;efectivo
129433445155;9/4/2024;SN-4092;15000;efectivo
129533445274;4/5/2024;SN-4092;15000;efectivo
139533445393;3/6/2024;SN-4092;15000;efectivo
149533446512;1/7/2024;SN-4092;20000;efectivo
149533446632;2/8/2024;SN-4092;20000;efectivo
149533446752;3/9/2024;SN-4092;20000;efectivo
169533546871;5/10/2024;SN-4092;20000;efectivo
189533546990;2/11/2024;SN-4092;20000;efectivo
199533547070;3/12/2024;SN-4092;20000;efectivo
107433442799;5/1/2024;SN-4093;15000;efectivo
117433442918;6/2/2024;SN-4093;15000;efectivo
127433444037;3/3/2024;SN-4093;15000;efectivo
129433445156;9/4/2024;SN-4093;15000;efectivo
129533445275;4/5/2024;SN-4093;15000;efectivo
139533445394;3/6/2024;SN-4093;15000;efectivo
149533446513;1/7/2024;SN-4093;20000;efectivo
149533446633;2/8/2024;SN-4093;20000;efectivo
149533446753;3/9/2024;SN-4093;20000;efectivo
169533546872;5/10/2024;SN-4093;20000;efectivo
189533546991;2/11/2024;SN-4093;20000;efectivo
199533547071;3/12/2024;SN-4093;20000;efectivo
107433442801;5/1/2024;SN-4094;15000;efectivo
117433442920;6/2/2024;SN-4094;15000;efectivo
127433444039;3/3/2024;SN-4094;15000;efectivo
129433445158;9/4/2024;SN-4094;15000;efectivo
129533445277;4/5/2024;SN-4094;15000;efectivo
139533445396;3/6/2024;SN-4094;15000;efectivo
149533446515;1/7/2024;SN-4094;20000;efectivo
149533446635;2/8/2024;SN-4094;20000;efectivo
149533446755;13/9/2024;SN-4094;22000;efectivo
169533546874;15/10/2024;SN-4094;22000;efectivo
189533546993;22/11/2024;SN-4094;22000;efectivo
199533547073;13/12/2024;SN-4094;22000;efectivo
107433442807;5/1/2024;SN-4095;15000;efectivo
117433442926;6/2/2024;SN-4095;15000;efectivo
127433444045;3/3/2024;SN-4095;15000;efectivo
129433445164;9/4/2024;SN-4095;15000;efectivo
129533445283;4/5/2024;SN-4095;15000;efectivo
139533445402;3/6/2024;SN-4095;15000;efectivo
149533446521;1/7/2024;SN-4095;20000;efectivo
149533446641;2/8/2024;SN-4095;20000;efectivo
149533446761;3/9/2024;SN-4095;20000;efectivo
169533546880;5/10/2024;SN-4095;20000;efectivo
189533546999;2/11/2024;SN-4095;20000;efectivo
199533547079;3/12/2024;SN-4095;20000;efectivo
107433442808;5/1/2024;SN-4096;15000;efectivo
117433442927;6/2/2024;SN-4096;15000;efectivo
127433444046;3/3/2024;SN-4096;15000;efectivo
129433445165;9/4/2024;SN-4096;15000;efectivo
129533445284;4/5/2024;SN-4096;15000;efectivo
139533445403;3/6/2024;SN-4096;15000;efectivo
149533446522;1/7/2024;SN-4096;20000;efectivo
149533446642;2/8/2024;SN-4096;20000;efectivo
149533446762;13/9/2024;SN-4096;22000;efectivo
169533546881;15/10/2024;SN-4096;22000;efectivo
189533547000;22/11/2024;SN-4096;22000;efectivo
199533547080;13/12/2024;SN-4096;22000;efectivo
107433442809;5/1/2024;SN-4097;15000;efectivo
117433442928;6/2/2024;SN-4097;15000;efectivo
127433444047;3/3/2024;SN-4097;15000;efectivo
129433445166;9/4/2024;SN-4097;15000;efectivo
129533445285;4/5/2024;SN-4097;15000;efectivo
139533445404;3/6/2024;SN-4097;15000;efectivo
149533446523;1/7/2024;SN-4097;20000;efectivo
149533446643;2/8/2024;SN-4097;20000;efectivo
149533446763;3/9/2024;SN-4097;20000;efectivo
169533546882;5/10/2024;SN-4097;20000;efectivo
189533547001;2/11/2024;SN-4097;20000;efectivo
199533547081;3/12/2024;SN-4097;20000;efectivo
107433442812;5/1/2024;SN-4098;15000;efectivo
117433442931;6/2/2024;SN-4098;15000;efectivo
127433444050;3/3/2024;SN-4098;15000;efectivo
129433445169;9/4/2024;SN-4098;15000;efectivo
129533445288;4/5/2024;SN-4098;15000;efectivo
139533445407;3/6/2024;SN-4098;15000;efectivo
149533446526;1/7/2024;SN-4098;20000;efectivo
149533446646;2/8/2024;SN-4098;20000;efectivo
149533446766;3/9/2024;SN-4098;20000;efectivo
169533546885;5/10/2024;SN-4098;20000;efectivo
189533547004;2/11/2024;SN-4098;20000;efectivo
199533547084;3/12/2024;SN-4098;20000;efectivo
107433442815;5/1/2024;SN-4099;15000;efectivo
117433442934;6/2/2024;SN-4099;15000;efectivo
127433444053;3/3/2024;SN-4099;15000;efectivo
129433445172;9/4/2024;SN-4099;15000;efectivo
129533445291;4/5/2024;SN-4099;15000;efectivo
139533445410;3/6/2024;SN-4099;15000;efectivo
149533446529;1/7/2024;SN-4099;20000;efectivo
149533446649;2/8/2024;SN-4099;20000;efectivo
149533446769;13/9/2024;SN-4099;22000;efectivo
169533546888;15/10/2024;SN-4099;22000;efectivo
189533547007;22/11/2024;SN-4099;22000;efectivo
199533547087;13/12/2024;SN-4099;22000;efectivo
107433442817;5/1/2024;SN-4100;15000;efectivo
117433442936;6/2/2024;SN-4100;15000;efectivo
127433444055;3/3/2024;SN-4100;15000;efectivo
129433445174;9/4/2024;SN-4100;15000;efectivo
129533445293;4/5/2024;SN-4100;15000;efectivo
139533445412;3/6/2024;SN-4100;15000;efectivo
149533446531;1/7/2024;SN-4100;20000;efectivo
149533446651;2/8/2024;SN-4100;20000;efectivo
149533446771;3/9/2024;SN-4100;20000;efectivo
169533546890;5/10/2024;SN-4100;20000;efectivo
189533547009;2/11/2024;SN-4100;20000;efectivo
199533547089;3/12/2024;SN-4100;20000;efectivo
107433442824;5/1/2024;SN-4101;15000;efectivo
117433442943;6/2/2024;SN-4101;15000;efectivo
127433444062;3/3/2024;SN-4101;15000;efectivo
129433445181;9/4/2024;SN-4101;15000;efectivo
129533445300;4/5/2024;SN-4101;15000;efectivo
139533445419;3/6/2024;SN-4101;15000;efectivo
149533446538;1/7/2024;SN-4101;20000;efectivo
149533446658;2/8/2024;SN-4101;20000;efectivo
149533446778;3/9/2024;SN-4101;20000;efectivo
169533546897;5/10/2024;SN-4101;20000;efectivo
189533547016;2/11/2024;SN-4101;20000;efectivo
199533547096;3/12/2024;SN-4101;20000;efectivo
107433442828;5/1/2024;SN-4102;15000;efectivo
117433442947;6/2/2024;SN-4102;15000;efectivo
127433444066;3/3/2024;SN-4102;15000;efectivo
129433445185;9/4/2024;SN-4102;15000;efectivo
129533445304;4/5/2024;SN-4102;15000;efectivo
139533445423;3/6/2024;SN-4102;15000;efectivo
149533446542;1/7/2024;SN-4102;20000;efectivo
149533446662;2/8/2024;SN-4102;20000;efectivo
149533446782;3/9/2024;SN-4102;20000;efectivo
169533546901;5/10/2024;SN-4102;20000;efectivo
189533547020;2/11/2024;SN-4102;20000;efectivo
199533547100;3/12/2024;SN-4102;20000;efectivo
107433442829;5/1/2024;SN-4103;15000;efectivo
117433442948;6/2/2024;SN-4103;15000;efectivo
127433444067;3/3/2024;SN-4103;15000;efectivo
129433445186;9/4/2024;SN-4103;15000;efectivo
129533445305;4/5/2024;SN-4103;15000;efectivo
139533445424;3/6/2024;SN-4103;15000;efectivo
149533446543;1/7/2024;SN-4103;20000;efectivo
149533446663;2/8/2024;SN-4103;20000;efectivo
149533446783;3/9/2024;SN-4103;20000;efectivo
169533546902;5/10/2024;SN-4103;20000;efectivo
189533547021;2/11/2024;SN-4103;20000;efectivo
199533547101;3/12/2024;SN-4103;20000;efectivo
107433442831;5/1/2024;SN-4104;15000;efectivo
117433442950;6/2/2024;SN-4104;15000;efectivo
127433444069;3/3/2024;SN-4104;15000;efectivo
129433445188;9/4/2024;SN-4104;15000;efectivo
129533445307;4/5/2024;SN-4104;15000;efectivo
139533445426;3/6/2024;SN-4104;15000;efectivo
149533446545;1/7/2024;SN-4104;20000;efectivo
149533446665;2/8/2024;SN-4104;20000;efectivo
149533446785;13/9/2024;SN-4104;22000;efectivo
169533546904;15/10/2024;SN-4104;22000;efectivo
189533547023;22/11/2024;SN-4104;22000;efectivo
199533547103;13/12/2024;SN-4104;22000;efectivo
107433442832;5/1/2024;SN-4105;15000;efectivo
117433442951;6/2/2024;SN-4105;15000;efectivo
127433444070;3/3/2024;SN-4105;15000;efectivo
129433445189;9/4/2024;SN-4105;15000;efectivo
129533445308;4/5/2024;SN-4105;15000;efectivo
139533445427;3/6/2024;SN-4105;15000;efectivo
149533446546;1/7/2024;SN-4105;20000;efectivo
149533446666;2/8/2024;SN-4105;20000;efectivo
149533446786;3/9/2024;SN-4105;20000;efectivo
169533546905;5/10/2024;SN-4105;20000;efectivo
189533547024;2/11/2024;SN-4105;20000;efectivo
199533547104;3/12/2024;SN-4105;20000;efectivo
107433442834;5/1/2024;SN-4106;15000;efectivo
117433442953;6/2/2024;SN-4106;15000;efectivo
127433444072;3/3/2024;SN-4106;15000;efectivo
129433445191;9/4/2024;SN-4106;15000;efectivo
129533445310;4/5/2024;SN-4106;15000;efectivo
139533445429;3/6/2024;SN-4106;15000;efectivo
149533446548;1/7/2024;SN-4106;20000;efectivo
149533446668;2/8/2024;SN-4106;20000;efectivo
149533446788;3/9/2024;SN-4106;20000;efectivo
169533546907;5/10/2024;SN-4106;20000;efectivo
189533547026;2/11/2024;SN-4106;20000;efectivo
199533547106;3/12/2024;SN-4106;20000;efectivo
107433442835;5/1/2024;SN-4107;15000;efectivo
117433442954;6/2/2024;SN-4107;15000;efectivo
127433444073;3/3/2024;SN-4107;15000;efectivo
129433445192;9/4/2024;SN-4107;15000;efectivo
129533445311;4/5/2024;SN-4107;15000;efectivo
139533445430;3/6/2024;SN-4107;15000;efectivo
149533446549;1/7/2024;SN-4107;20000;efectivo
149533446669;2/8/2024;SN-4107;20000;efectivo
149533446789;3/9/2024;SN-4107;20000;efectivo
169533546908;5/10/2024;SN-4107;20000;efectivo
189533547027;2/11/2024;SN-4107;20000;efectivo
199533547107;3/12/2024;SN-4107;20000;efectivo
107433442836;5/1/2024;SN-4108;15000;efectivo
117433442955;6/2/2024;SN-4108;15000;efectivo
127433444074;3/3/2024;SN-4108;15000;efectivo
129433445193;9/4/2024;SN-4108;15000;efectivo
129533445312;4/5/2024;SN-4108;15000;efectivo
139533445431;3/6/2024;SN-4108;15000;efectivo
149533446550;1/7/2024;SN-4108;20000;efectivo
149533446670;2/8/2024;SN-4108;20000;efectivo
149533446790;3/9/2024;SN-4108;20000;efectivo
169533546909;5/10/2024;SN-4108;20000;efectivo
189533547028;2/11/2024;SN-4108;20000;efectivo
199533547108;3/12/2024;SN-4108;20000;efectivo
107433442837;5/1/2024;SN-4109;15000;efectivo
117433442956;6/2/2024;SN-4109;15000;efectivo
127433444075;3/3/2024;SN-4109;15000;efectivo
129433445194;9/4/2024;SN-4109;15000;efectivo
129533445313;4/5/2024;SN-4109;15000;efectivo
139533445432;3/6/2024;SN-4109;15000;efectivo
149533446551;1/7/2024;SN-4109;20000;efectivo
149533446671;2/8/2024;SN-4109;20000;efectivo
149533446791;3/9/2024;SN-4109;20000;efectivo
169533546910;5/10/2024;SN-4109;20000;efectivo
189533547029;2/11/2024;SN-4109;20000;efectivo
199533547109;3/12/2024;SN-4109;20000;efectivo
107433442863;5/1/2024;SN-4110;15000;efectivo
117433442982;6/2/2024;SN-4110;15000;efectivo
127433444101;3/3/2024;SN-4110;15000;efectivo
129433445220;9/4/2024;SN-4110;15000;efectivo
129533445339;4/5/2024;SN-4110;15000;efectivo
139533445458;3/6/2024;SN-4110;15000;efectivo
149533446577;1/7/2024;SN-4110;20000;efectivo
149533446697;2/8/2024;SN-4110;20000;efectivo
149533446817;13/9/2024;SN-4110;22000;efectivo
169533546936;15/10/2024;SN-4110;22000;efectivo
189533547055;22/11/2024;SN-4110;22000;efectivo
199533547135;13/12/2024;SN-4110;22000;efectivo
107433442881;5/1/2024;SN-4111;15000;efectivo
117433443000;6/2/2024;SN-4111;15000;efectivo
127433444119;3/3/2024;SN-4111;15000;efectivo
129433445238;9/4/2024;SN-4111;15000;efectivo
129533445357;4/5/2024;SN-4111;15000;efectivo
139533445476;3/6/2024;SN-4111;15000;efectivo
149533446595;1/7/2024;SN-4111;20000;efectivo
149533446715;2/8/2024;SN-4111;20000;efectivo
149533446835;3/9/2024;SN-4111;20000;efectivo
169533546954;5/10/2024;SN-4111;20000;efectivo
189533547073;2/11/2024;SN-4111;20000;efectivo
199533547153;3/12/2024;SN-4111;20000;efectivo
107433442882;5/1/2024;SN-4112;15000;efectivo
117433443001;6/2/2024;SN-4112;15000;efectivo
127433444120;3/3/2024;SN-4112;15000;efectivo
129433445239;9/4/2024;SN-4112;15000;efectivo
129533445358;4/5/2024;SN-4112;15000;efectivo
139533445477;3/6/2024;SN-4112;15000;efectivo
149533446596;1/7/2024;SN-4112;20000;efectivo
149533446716;2/8/2024;SN-4112;20000;efectivo
149533446836;13/9/2024;SN-4112;22000;efectivo
169533546955;15/10/2024;SN-4112;22000;efectivo
189533547074;22/11/2024;SN-4112;22000;efectivo
199533547154;13/12/2024;SN-4112;22000;efectivo
107433442887;5/1/2024;SN-4113;15000;efectivo
117433443006;6/2/2024;SN-4113;15000;efectivo
127433444125;3/3/2024;SN-4113;15000;efectivo
129433445244;9/4/2024;SN-4113;15000;efectivo
129533445363;4/5/2024;SN-4113;15000;efectivo
139533445482;3/6/2024;SN-4113;15000;efectivo
149533446601;1/7/2024;SN-4113;20000;efectivo
149533446721;2/8/2024;SN-4113;20000;efectivo
149533446841;3/9/2024;SN-4113;20000;efectivo
169533546960;5/10/2024;SN-4113;20000;efectivo
189533547079;2/11/2024;SN-4113;20000;efectivo
199533547159;3/12/2024;SN-4113;20000;efectivo
107433442788;5/1/2024;SN-4114;15000;efectivo
117433442907;6/2/2024;SN-4114;15000;efectivo
127433444026;3/3/2024;SN-4114;15000;efectivo
129433445145;9/4/2024;SN-4114;15000;efectivo
129533445264;4/5/2024;SN-4114;15000;efectivo
139533445383;3/6/2024;SN-4114;15000;efectivo
149533446502;1/7/2024;SN-4114;20000;efectivo
149533446622;2/8/2024;SN-4114;20000;efectivo
149533446742;13/9/2024;SN-4114;22000;efectivo
169533546861;15/10/2024;SN-4114;22000;efectivo
189533546980;22/11/2024;SN-4114;22000;efectivo
199533547060;13/12/2024;SN-4114;22000;efectivo
107433442790;5/1/2024;SN-4115;15000;efectivo
117433442909;6/2/2024;SN-4115;15000;efectivo
127433444028;3/3/2024;SN-4115;15000;efectivo
129433445147;9/4/2024;SN-4115;15000;efectivo
129533445266;4/5/2024;SN-4115;15000;efectivo
139533445385;3/6/2024;SN-4115;15000;efectivo
149533446504;1/7/2024;SN-4115;20000;efectivo
149533446624;2/8/2024;SN-4115;20000;efectivo
149533446744;3/9/2024;SN-4115;20000;efectivo
169533546863;5/10/2024;SN-4115;20000;efectivo
189533546982;2/11/2024;SN-4115;20000;efectivo
199533547062;3/12/2024;SN-4115;20000;efectivo
107433442802;5/1/2024;SN-4116;15000;efectivo
117433442921;6/2/2024;SN-4116;15000;efectivo
127433444040;3/3/2024;SN-4116;15000;efectivo
129433445159;9/4/2024;SN-4116;15000;efectivo
129533445278;4/5/2024;SN-4116;15000;efectivo
139533445397;3/6/2024;SN-4116;15000;efectivo
149533446516;1/7/2024;SN-4116;20000;efectivo
149533446636;2/8/2024;SN-4116;20000;efectivo
149533446756;3/9/2024;SN-4116;20000;efectivo
169533546875;5/10/2024;SN-4116;20000;efectivo
189533546994;2/11/2024;SN-4116;20000;efectivo
199533547074;3/12/2024;SN-4116;20000;efectivo
107433442803;5/1/2024;SN-4117;15000;efectivo
117433442922;6/2/2024;SN-4117;15000;efectivo
127433444041;3/3/2024;SN-4117;15000;efectivo
129433445160;9/4/2024;SN-4117;15000;efectivo
129533445279;4/5/2024;SN-4117;15000;efectivo
139533445398;3/6/2024;SN-4117;15000;efectivo
149533446517;1/7/2024;SN-4117;20000;efectivo
149533446637;2/8/2024;SN-4117;20000;efectivo
149533446757;13/9/2024;SN-4117;22000;efectivo
169533546876;15/10/2024;SN-4117;22000;efectivo
189533546995;22/11/2024;SN-4117;22000;efectivo
199533547075;13/12/2024;SN-4117;22000;efectivo
107433442806;5/1/2024;SN-4118;15000;efectivo
117433442925;6/2/2024;SN-4118;15000;efectivo
127433444044;3/3/2024;SN-4118;15000;efectivo
129433445163;9/4/2024;SN-4118;15000;efectivo
129533445282;4/5/2024;SN-4118;15000;efectivo
139533445401;3/6/2024;SN-4118;15000;efectivo
149533446520;1/7/2024;SN-4118;20000;efectivo
149533446640;2/8/2024;SN-4118;20000;efectivo
149533446760;13/9/2024;SN-4118;22000;efectivo
169533546879;15/10/2024;SN-4118;22000;efectivo
189533546998;22/11/2024;SN-4118;22000;efectivo
199533547078;13/12/2024;SN-4118;22000;efectivo
107433442821;5/1/2024;SN-4119;15000;efectivo
117433442940;6/2/2024;SN-4119;15000;efectivo
127433444059;3/3/2024;SN-4119;15000;efectivo
129433445178;9/4/2024;SN-4119;15000;efectivo
129533445297;4/5/2024;SN-4119;15000;efectivo
139533445416;3/6/2024;SN-4119;15000;efectivo
149533446535;1/7/2024;SN-4119;20000;efectivo
149533446655;2/8/2024;SN-4119;20000;efectivo
149533446775;3/9/2024;SN-4119;20000;efectivo
169533546894;5/10/2024;SN-4119;20000;efectivo
189533547013;2/11/2024;SN-4119;20000;efectivo
199533547093;3/12/2024;SN-4119;20000;efectivo
107433442838;5/1/2024;SN-4120;15000;efectivo
117433442957;6/2/2024;SN-4120;15000;efectivo
127433444076;3/3/2024;SN-4120;15000;efectivo
129433445195;9/4/2024;SN-4120;15000;efectivo
129533445314;4/5/2024;SN-4120;15000;efectivo
139533445433;3/6/2024;SN-4120;15000;efectivo
149533446552;1/7/2024;SN-4120;20000;efectivo
149533446672;2/8/2024;SN-4120;20000;efectivo
149533446792;3/9/2024;SN-4120;20000;efectivo
169533546911;5/10/2024;SN-4120;20000;efectivo
189533547030;2/11/2024;SN-4120;20000;efectivo
199533547110;3/12/2024;SN-4120;20000;efectivo
